Workbook

Sheet MRC1
A1: 計実_様式2_PBG_工事概要①
B3: 基本情報1 | E3: 基本情報2
B4: 年度 | C4: 2026 | E4: 項目 | G4: 計画 | K4: 実績 | O4: 差分
B5: 電力会社 | C5: 関東電力 | E5: 件名 | G5: =IF($C$6="","",$C$6) -> 原子炉補助冷却系統不要機器解体工事 | K5: =IF($C$6="","",$C$6) -> 原子炉補助冷却系統不要機器解体工事
B6: 工事件名 | C6: 原子炉補助冷却系統不要機器解体工事 | E6: 対象費目1 | G6: 施設解体一解体費 | K6: =IF($G$6="","",$G$6) -> 施設解体一解体費
B7: 炉型 | C7: BWR | E7: 対象費目2 | G7: 処理処分-非該当 | K7: =IF($G$7="","",$G$7) -> 処理処分-非該当
B8: 計画/実績 | C8: 計画 | E8: 発電所名 | G8: =IF($C$5="","",$C$5) -> 関東電力 | K8: =IF($C$5="","",$C$5) -> 関東電力
E9: 炉型 | G9: =IF($C$7="","",$C$7) -> BWR | K9: =IF($C$7="","",$C$7) -> BWR
E10: 工期開始日 | G10: 46269
E11: 工期終了日 | G11: 46473
E12: 全体工期開始日 | G12: 46269
E13: 全体工期終了日 | G13: 46473
E14: 対象号炉1 | G14: 館山2号機 | K14: =IF($G$14="","",$G$14) -> 館山2号機
E15: 対象号炉2 | G15: なし | K15: =IF($G$15="","",$G$15) -> なし
E16: 対象号炉3 | G16: なし | K16: =IF($G$15="","",$G$15) -> なし
E17: 対象号炉4 | G17: なし | K17: =IF($G$16="","",$G$16) -> なし
E18: 総額 | G18: 40000 | K18: 40000 | O18: =K18-G18 -> 0
E19: 全体支払い対象金額 | G19: 4000000 | K19: 4000000 | O19: =K19-G19 -> 0
E21: 項目 | G21: 内容（計画） | K21: 内容（実績）
E22: 実施内容 ※解体機器や解体物量に関する情報はここには記載せず、下部の表に記載を行う | G22: 本工事は、館山2号原子炉補助冷却系統における不要機器等・配管等の解体撤去を実施するものであり、対象は補助冷却系統エリア地下2階、ACW補助冷却系統エリア地下2階、ACW補助冷却系統エリア地下2階、HPCS/制御室内の関連設備とする。
E23: 実施理由 ※実績時：計画と実績の差異内容及びその理由
E24: 実施費用低減策
E25: 説明
B26: 実施内容（解体機器・解体物量）
B27: 対象年度 | C27: ▼分類 | D27: 解体機器 | E27: 作業区域 （非管理区域・管理区域・埋区域） | F27: 支払い対象可否 | G27: 計画 | K27: 実績
G28: 員数 （台数） | H28: 解体物量 （t） | I28: 工数 （人・時間） | J28: 費用 | K28: 員数 （台数） | L28: 解体物量 （t） | M28: 工数 （人・時間） | N28: 費用
B29: 合計 | H29: =SUM(H30:H96) -> 9.297 | I29: =SUM(I30:I96) -> 4748.716 | J29: =SUM(J30:J96) -> 158637670 | L29: =SUM(L30:L96) -> 0 | M29: =SUM(M30:M96) -> 0 | N29: =SUM(N30:N96) -> 0
B30: 2026 | C30: ポンプ・モータ類 | D30: ポンプ | E30: 管理区域 | F30: 支払い対象 | G30: 1 | H30: 0.457 | J30: 1156131
B31: 2026 | C31: 配管 | D31: 配管(電線管を含む) | E31: 管理区域 | F31: 支払い対象 | H31: 7.73 | I31: 4420.576 | J31: 83074605
B32: 2026 | C32: 弁 | D32: 弁 | E32: 管理区域 | F32: 支払い対象 | G32: 3 | I32: 88.426 | J32: 2023230
B33: 2026 | C33: ケーブル | D33: ケーブル | E33: 管理区域 | F33: 支払い対象 | H33: 0.01 | I33: 3.088 | J33: 476904
B34: 2026 | C34: サポート | D34: サポート | E34: 管理区域 | F34: 支払い対象 | H34: 1.1 | I34: 236.626 | J34: 16879546
B35: 2026 | C35: その他機器 | D35: その他機器 | E35: 管理区域 | F35: 支払い対象 | G35: 2 | J35: 549162
B36: 2026 | C36: 準備片付け | E36: 管理区域 | F36: 支払い対象 | J36: 39663138
B37: 2026 | C37: 機材費 | E37: 管理区域 | F37: 支払い対象 | J37: 14814954

Sheet MRC2
A1: 計実_様式2_PBG_工事概要①
B3: 基本情報1
B4: 年度 | C4: =IF('MRC1'!C4="","",'MRC1'!C4) -> 2026 | P4: 差分
B5: 電力会社 | C5: =IF('MRC1'!C5="","",'MRC1'!C5) -> 関東電力
B6: 工事件名 | C6: =IF('MRC1'!C6="","",'MRC1'!C6) -> 原子炉補助冷却系統不要機器解体工事
B7: 炉型 | C7: =IF('MRC1'!C7="","",'MRC1'!C7) -> BWR
B8: 計画/実績 | C8: =IF('MRC1'!C8="","",'MRC1'!C8) -> 計画
B9: 基本情報2
B10: 項目 | C10: 計画 | H10: 実績 | M10: 差分
B11: 件名 | C11: =IF('MRC1'!G5="","",'MRC1'!G5) -> 原子炉補助冷却系統不要機器解体工事 | H11: =IF('MRC1'!K5="","",'MRC1'!K5) -> 原子炉補助冷却系統不要機器解体工事
B12: 対象費目1 | C12: =IF('MRC1'!G6="","",'MRC1'!G6) -> 施設解体一解体費 | H12: =IF('MRC1'!K6="","",'MRC1'!K6) -> 施設解体一解体費
B13: 対象費目2 | C13: =IF('MRC1'!G7="","",'MRC1'!G7) -> 処理処分-非該当 | H13: =IF('MRC1'!K7="","",'MRC1'!K7) -> 処理処分-非該当
B14: 発電所名 | C14: =IF('MRC1'!G8="","",'MRC1'!G8) -> 関東電力 | H14: =IF('MRC1'!K8="","",'MRC1'!K8) -> 関東電力
B15: 炉型 | C15: =IF('MRC1'!G9="","",'MRC1'!G9) -> BWR | H15: =IF('MRC1'!K9="","",'MRC1'!K9) -> BWR
B16: 工期開始日 | C16: =IF('MRC1'!G10="","",'MRC1'!G10) -> 46269 | H16: =IF('MRC1'!K10="","",'MRC1'!K10)
B17: 工期終了日 | C17: =IF('MRC1'!G11="","",'MRC1'!G11) -> 46473 | H17: =IF('MRC1'!L11="","",'MRC1'!L11)
B18: 全体工期開始日 | C18: =IF('MRC1'!G12="","",'MRC1'!G12) -> 46269 | H18: =IF('MRC1'!K12="","",'MRC1'!K12)
B19: 全体工期終了日 | C19: =IF('MRC1'!G13="","",'MRC1'!G13) -> 46473 | H19: =IF('MRC1'!K13="","",'MRC1'!K13)
B20: 対象号炉1 | C20: =IF('MRC1'!G14="","",'MRC1'!G14) -> 館山2号機 | H20: =IF('MRC1'!K14="","",'MRC1'!K14) -> 館山2号機
B21: 対象号炉2 | C21: =IF('MRC1'!G15="","",'MRC1'!G15) -> なし | H21: =IF('MRC1'!K15="","",'MRC1'!K15) -> なし
B22: 対象号炉3 | C22: =IF('MRC1'!G16="","",'MRC1'!G16) -> なし | H22: =IF('MRC1'!K16="","",'MRC1'!K16) -> なし
B23: 対象号炉4 | C23: =IF('MRC1'!G17="","",'MRC1'!G17) -> なし | H23: =IF('MRC1'!K17="","",'MRC1'!K17) -> なし
B24: 総額 | C24: =IF('MRC1'!G18="","",'MRC1'!G18) -> 40000 | H24: =IF('MRC1'!K18="","",'MRC1'!K18) -> 40000 | M24: =IF('MRC1'!O18="","",'MRC1'!O18) -> 0
B25: 全体支払い対象金額 | C25: =IF('MRC1'!G19="","",'MRC1'!G19) -> 4000000 | H25: =IF('MRC1'!K19="","",'MRC1'!K19) -> 4000000 | M25: =IF('MRC1'!O19="","",'MRC1'!O19) -> 0
B28: 基本情報2 | C28: 計画 | H28: 実績
C29: 2026年度 | D29: 2027年度 | E29: 2028年度 | F29: 2029年度 | G29: 2030年度 | H29: 2026年度 | I29: 2027年度 | J29: 2028年度 | K29: 2029年度 | L29: 2030年度
B30: 年度単位総額
B31: 年度単位支払総額 | C31: =SUM(C32:C35) -> 0 | D31: =SUM(D32:D35) -> 0 | E31: =SUM(E32:E35) -> 0 | F31: =SUM(F32:F35) -> 0 | G31: =SUM(G32:G35) -> 0 | H31: =SUM(H32:H35) -> 0 | I31: =SUM(I32:I35) -> 0 | J31: =SUM(J32:J35) -> 0 | ... L31: =SUM(L32:L35) -> 0
B32: =" "&'MRC1'!G14 -> 館山2号機
C37: 2026年度 | D37: 費用内訳 ※3 | E37: 計画
C38: 区分 | D38: 名称 | E38: 数量 | F38: 単価 | G38: 金額
B39: 費用内訳 | C39: 直接工事費 | D39: 人件費 | E39: 1 | F39: 82163820 | G39: =IF(E39="一式",F39,E39*F39) -> 82163820
D40: 材料費 | E40: 1 | F40: 21995758 | G40: =IF(E40="一式",F40,E40*F40) -> 21995758
C41: 仮設備費 | D41: 仮設備費 | E41: 1 | F41: 14814954 | G41: =IF(E41="一式",F41,E41*F41) -> 14814954
C42: 品質保証費 | D42: 品質保証費 | G42: =IF(E42="一式",F42,E42*F42) -> 0
C43: 安全対策費 | D43: 安全対策費 | E43: 1 | F43: 13673178 | G43: =IF(E43="一式",F43,E43*F43) -> 13673178
C44: 間接費 | D44: 現場経費 | G44: =IF(E44="一式",F44,E44*F44) -> 0
D45: 諸経費 | E45: 1 | F45: 25989960 | G45: =IF(E45="一式",F45,E45*F45) -> 25989960
C46: その他 | G46: =IF(E46="一式",F46,E46*F46) -> 0
B47: 合計※2 | C47: 合計 | D47: 合計 | G47: =SUM(G39:G46) -> 158637670
